antecedents,consequents,antecedent support,consequent support,support,confidence,lift,representativity,leverage,conviction,zhangs_metric,jaccard,certainty,kulczynski
frozenset({'milk'}),"frozenset({'diapers', 'bread'})",0.2,0.26666666666666666,0.2,1.0,3.75,1.0,0.14666666666666667,inf,0.9166666666666665,0.75,1.0,0.875
"frozenset({'diapers', 'bread'})",frozenset({'milk'}),0.26666666666666666,0.2,0.2,0.75,3.75,1.0,0.14666666666666667,3.2,0.9999999999999998,0.75,0.6875,0.875
frozenset({'bread'}),"frozenset({'diapers', 'milk'})",0.3333333333333333,0.2,0.2,0.6000000000000001,3.0000000000000004,1.0,0.13333333333333336,2.0000000000000004,1.0,0.6000000000000001,0.5000000000000001,0.8
frozenset({'bread'}),frozenset({'milk'}),0.3333333333333333,0.2,0.2,0.6000000000000001,3.0000000000000004,1.0,0.13333333333333336,2.0000000000000004,1.0,0.6000000000000001,0.5000000000000001,0.8
"frozenset({'diapers', 'milk'})",frozenset({'bread'}),0.2,0.3333333333333333,0.2,1.0,3.0,1.0,0.13333333333333336,inf,0.8333333333333334,0.6000000000000001,1.0,0.8
