,Accuracy,Precision,Recall,F1-score
Decision Tree,0.9333333333333333,0.9444444444444445,0.9333333333333332,0.9326599326599326
KNN (k=5),0.9333333333333333,0.9444444444444445,0.9333333333333332,0.9326599326599326
